1/12/2024,95000
1/11/2024,94889
1/10/2024,103349.5
1/9/2024,97507
1/8/2024,94094.5
1/7/2024,91450
1/6/2024,89544.5
1/5/2024,93152
1/4/2024,91505
1/3/2024,84244.5
1/2/2024,77900.5
1/1/2024,73299.5
1/12/2023,86510
1/11/2023,90345
1/10/2023,105000
1/9/2023,103000
1/8/2023,99749.5
1/7/2023,96101
1/6/2023,97103.5
1/5/2023,96500.5
1/4/2023,100111
1/3/2023,90606
1/2/2023,86278
1/1/2023,83000
1/12/2022,88255
1/11/2022,88912
1/10/2022,80795
1/9/2022,85000
1/8/2022,83944.5
1/7/2022,78450
1/6/2022,74395
1/5/2022,69451
1/4/2022,70847.5
1/3/2022,70028.5
1/2/2022,61880.5
1/1/2022,57748.5
1/12/2021,57905.5
1/11/2021,54355
1/10/2021,49855
1/9/2021,47500
1/8/2021,45939
1/7/2021,46005.5
1/6/2021,48165.5
1/5/2021,44901.5
1/4/2021,47620
1/3/2021,43292.5
1/2/2021,41500.5
1/1/2021,42055
1/12/2020,40635
1/11/2020,36840
1/10/2020,36934
1/9/2020,38135
1/8/2020,34355
1/7/2020,33109.5
1/6/2020,#VALUE!
1/5/2020,#VALUE!
1/4/2020,#VALUE!
1/3/2020,31954.5
1/2/2020,31504.5
1/1/2020,35165
1/12/2019,32949
1/11/2019,31000
1/10/2019,33155
1/9/2019,31771
1/8/2019,32321
1/7/2019,27763
1/6/2019,28504
1/5/2019,31852
1/4/2019,31179
1/3/2019,26484
1/2/2019,25995
1/1/2019,26045
1/12/2018,24534.5
1/11/2018,26599.5
1/10/2018,27006.5
1/9/2018,29104.5
1/8/2018,32897.5
1/7/2018,28849.5
1/6/2018,35268
1/5/2018,38471
1/4/2018,37755
1/3/2018,38415
1/2/2018,38405
1/1/2018,39145
1/12/2017,40269.5
1/11/2017,46951.5
1/10/2017,41689
1/9/2017,39451.5
1/8/2017,44839
1/7/2017,43401.5
1/6/2017,44001
1/5/2017,48797.5
1/4/2017,49244.5
1/3/2017,51277
1/2/2017,48915.5
1/1/2017,50495
1/12/2016,48875.5
1/11/2016,51809.5
1/10/2016,51249
1/9/2016,50753
1/8/2016,52918.5
1/7/2016,52650.5
1/6/2016,54447
1/5/2016,47454.5
1/4/2016,46654.5
1/3/2016,45252
1/2/2016,44825.5
1/1/2016,48151.5
1/12/2015,55645
1/11/2015,57600.5
1/10/2015,56651
1/9/2015,56244
1/8/2015,56853.5
1/7/2015,57294.5
1/6/2015,63500
1/5/2015,67589.5
1/4/2015,67675
1/3/2015,63055
1/2/2015,59600.5
1/1/2015,65505.5
1/12/2014,66489
1/11/2014,66394.5
1/10/2014,63935
1/9/2014,63420.5
1/8/2014,65155
1/7/2014,62440
1/6/2014,62544.5
1/5/2014,62845.5
1/4/2014,74367.5
1/3/2014,77800.5
1/2/2014,74382.5
1/1/2014,72329.5
1/12/2013,73581
1/11/2013,73800
1/10/2013,80944.5
1/9/2013,80527.5
1/8/2013,75889.5
1/7/2013,73544.5
1/6/2013,68602
1/5/2013,63919
1/4/2013,61763
1/3/2013,69449
1/2/2013,82705
1/1/2013,91555
1/12/2012,80206
1/11/2012,77246
1/10/2012,70000.5
1/9/2012,65500
1/8/2012,70195
1/7/2012,64038.5
1/6/2012,59003.5
1/5/2012,60300.5
1/4/2012,61351
1/3/2012,56526
1/2/2012,54909
1/1/2012,47500.5
1/12/2011,51196.5
1/11/2011,55442
1/10/2011,53200.5
1/9/2011,49503
1/8/2011,49051
1/7/2011,55995.5
1/6/2011,51817
1/5/2011,45889.5
1/4/2011,43606
1/3/2011,43206.5
1/2/2011,40061.5
1/1/2011,39506
1/12/2010,46866.5
1/11/2010,36500.5
1/10/2010,32773.5
1/9/2010,31545
1/8/2010,30552
1/7/2010,32831.5
1/6/2010,30780.5
1/5/2010,26745.5
1/4/2010,32000.5
1/3/2010,24595.5
1/2/2010,20164.5
1/1/2010,19501.5
1/12/2009,18326
1/11/2009,16968
1/10/2009,17550
1/9/2009,16804.5
1/8/2009,14338.5
1/7/2009,14800.5
1/6/2009,12294.5
1/5/2009,9189
1/4/2009,7339.5
1/3/2009,5003
1/2/2009,2740
1/1/2009,3847
1/12/2008,6960.5
1/11/2008,5228.5
1/10/2008,12395
1/9/2008,11800.5
1/8/2008,12895
1/7/2008,14393
1/6/2008,14345.5
1/5/2008,13355
1/4/2008,16265
1/3/2008,14870
1/2/2008,12429
1/1/2008,13026.5
1/12/2007,13001
1/11/2007,15621.5
1/10/2007,14700
1/9/2007,17970
1/8/2007,12559.5
1/7/2007,15400.5
1/6/2007,15886
1/5/2007,16584.5
1/4/2007,14300.5
1/3/2007,13053
1/2/2007,8344.5
1/1/2007,11792.5
1/12/2006,10902.5
1/11/2006,12834
1/10/2006,11255.5
1/9/2006,13052.5
1/8/2006,12445
1/7/2006,10502
1/6/2006,10251.5
1/5/2006,10051.5
1/4/2006,11901
1/3/2006,11551.5
1/2/2006,10193.5
1/1/2006,9305.5
1/12/2005,12890.5
1/11/2005,14350.5
1/10/2005,13246
1/9/2005,15885
1/8/2005,16301.5
1/7/2005,16306
1/6/2005,17385
1/5/2005,17147.5
1/4/2005,18190
1/3/2005,19777.5
1/2/2005,18179.5
1/1/2005,18950.5
1/12/2004,21290
1/11/2004,22248.5
1/10/2004,23392.5
1/9/2004,25495
1/8/2004,26047.5
1/7/2004,27394
1/6/2004,28564.5
1/5/2004,27504
1/4/2004,27126.5
1/3/2004,24768.5
1/2/2004,24439
1/1/2004,23901
1/12/2003,24326
1/11/2003,26531.5
1/10/2003,28607.5
1/9/2003,27820
1/8/2003,30743
1/7/2003,31790
1/6/2003,31619.5
1/5/2003,30197
1/4/2003,27775.5
1/3/2003,27653.5
1/2/2003,30501
1/1/2003,27494
1/12/2002,27747
1/11/2002,29060.5
1/10/2002,31046
1/9/2002,29955
1/8/2002,30789
1/7/2002,31102
1/6/2002,31645
1/5/2002,34200.5
1/4/2002,34895
1/3/2002,30003
1/2/2002,29996
1/1/2002,30000
1/12/2001,26998
1/11/2001,28518
1/10/2001,28962
1/9/2001,28232
1/8/2001,28990
1/7/2001,26239
1/6/2001,101
1/5/2001,32100
1/4/2001,35468
1/3/2001,32988
1/2/2001,27885
1/1/2001,28409
1/12/2000,32800
1/11/2000,36992
1/10/2000,36684
1/9/2000,36020
1/8/2000,33852
1/7/2000,38499
1/6/2000,39348
1/5/2000,42006
1/4/2000,44472
1/3/2000,39330
1/2/2000,43998
1/1/2000,43802
1/12/1999,43092
1/11/1999,40996
1/10/1999,44490
1/9/1999,45219
1/8/1999,45876
1/7/1999,43600
1/6/1999,40484
1/5/1999,35765
1/4/1999,"35,403"
1/3/1999,"32,935"
1/2/1999,"33,257"
1/1/1999,"34,508"
1/12/1998,"32,048"
1/11/1998,"27,510"
1/10/1998,"25,102"
1/9/1998,"29,100"
1/8/1998,"33,896"
1/7/1998,"41,600"
1/6/1998,"41,008"
1/5/1998,"37,000"
1/4/1998,"35,000"
1/3/1998,"28,100"
1/2/1998,"37,576"
1/1/1998,"43,088"
1/12/1997,"53,008"
1/11/1997,"58,118"
1/10/1997,"61,080"
1/9/1997,"61,500"
1/8/1997,"62,099"
1/7/1997,"62,208"
1/6/1997,"60,900"
1/5/1997,"53,887"
1/4/1997,"46,826"
1/3/1997,"45,008"
1/2/1997,"44,950"
1/1/1997,"49,502"
1/12/1996,"47,764"
1/11/1996,"46,508"
1/10/1996,"44,994"
1/9/1996,"45,000"
1/8/1996,"44,108"
1/7/1996,"43,218"
1/6/1996,"44,498"
1/5/1996,"45,224"
1/4/1996,"37,480"
1/3/1996,"40,728"
1/2/1996,"41,006"
1/1/1996,"43,100"
1/12/1995,"30,528"
1/11/1995,"45,700"
1/10/1995,"45,006"
1/9/1995,"42,100"
1/8/1995,"40,050"
1/7/1995,"41,400"
1/6/1995,"46,046"
1/5/1995,"43,088"
1/4/1995,"38,100"
1/3/1995,"35,250"
1/2/1995,"34,000"
1/1/1995,"40,001"
1/12/1994,"47,033"
1/11/1994,"56,600"
1/10/1994,"49,800"
1/9/1994,"45,100"
1/8/1994,"44,008"
1/7/1994,"42,510"
1/6/1994,"38,994"
1/5/1994,"36,030"
1/4/1994,"33,040"
1/3/1994,"32,420"
1/2/1994,"38,022"
1/1/1994,"43,700"
1/12/1993,"40,904"
1/11/1993,"34,560"
1/10/1993,"30,536"
1/9/1993,"28,502"
1/8/1993,"27,080"
1/7/1993,"26,000"
1/6/1993,"25,000"
1/5/1993,"24,800"
1/4/1993,"23,180"
1/3/1993,"17,890"
1/2/1993,"15,280"
1/1/1993,"20,010"
1/12/1992,"23,360"
1/11/1992,"24,982"
1/10/1992,"22,888"
1/9/1992,"20,741"
1/8/1992,"19,510"
1/7/1992,"18,994"
1/6/1992,"20,500"
1/5/1992,"20,542"
1/4/1992,"14,958"
1/3/1992,"10,406"
1/2/1992,"11,000"
1/1/1992,"16,602"
1/12/1991,"12,960"
1/11/1991,"9,180"
1/10/1991,"6,530"
1/9/1991,"10,520"
1/8/1991,"9,040"
1/7/1991,"8,002"
1/6/1991,"7,875"
1/5/1991,"5,258"
1/4/1991,"1,804"
1/3/1991,909
1/2/1991,"2,649"
1/1/1991,"3,224"
1/12/1990,"3,202"
1/11/1990,"2,004"
1/10/1990,"7,220"
